{
  "companies": [
    { "slug": "vodafone", "name": "Vodafone", "category": "telecom" },
    { "slug": "orange", "name": "Orange", "category": "telecom" },
    { "slug": "movistar", "name": "Movistar", "category": "telecom" },
    { "slug": "yoigo", "name": "Yoigo", "category": "telecom" },
    { "slug": "jazztel", "name": "Jazztel", "category": "telecom" },
    { "slug": "masmovil", "name": "MásMóvil", "category": "telecom" },
    { "slug": "pepephone", "name": "Pepephone", "category": "telecom" },
    { "slug": "o2", "name": "O2", "category": "telecom" },
    { "slug": "lowi", "name": "Lowi", "category": "telecom" },
    { "slug": "simyo", "name": "Simyo", "category": "telecom" },
    { "slug": "digi", "name": "Digi Mobil", "category": "telecom" },
    { "slug": "endesa", "name": "Endesa", "category": "energy" },
    { "slug": "iberdrola", "name": "Iberdrola", "category": "energy" },
    { "slug": "naturgy", "name": "Naturgy", "category": "energy" },
    { "slug": "repsol", "name": "Repsol", "category": "energy" },
    { "slug": "totalenergies", "name": "TotalEnergies", "category": "energy" },
    { "slug": "holaluz", "name": "Holaluz", "category": "energy" },
    { "slug": "bbva", "name": "BBVA", "category": "bank" },
    { "slug": "santander", "name": "Santander", "category": "bank" },
    { "slug": "caixabank", "name": "CaixaBank", "category": "bank" },
    { "slug": "sabadell", "name": "Banco Sabadell", "category": "bank" },
    { "slug": "bankinter", "name": "Bankinter", "category": "bank" },
    { "slug": "unicaja", "name": "Unicaja Banco", "category": "bank" },
    { "slug": "ing", "name": "ING España", "category": "bank" },
    { "slug": "deutsche-bank", "name": "Deutsche Bank", "category": "bank" },
    { "slug": "evo", "name": "EVO Banco", "category": "bank" },
    { "slug": "openbank", "name": "Openbank", "category": "bank" }
  ],
  "retailers": [
    { "slug": "amazon", "name": "Amazon", "category": "ecommerce" },
    { "slug": "aliexpress", "name": "AliExpress", "category": "ecommerce" },
    { "slug": "el-corte-ingles", "name": "El Corte Inglés", "category": "ecommerce" },
    { "slug": "zara", "name": "Zara", "category": "fashion" },
    { "slug": "mango", "name": "Mango", "category": "fashion" },
    { "slug": "bershka", "name": "Bershka", "category": "fashion" },
    { "slug": "pull-and-bear", "name": "Pull & Bear", "category": "fashion" },
    { "slug": "stradivarius", "name": "Stradivarius", "category": "fashion" },
    { "slug": "hm", "name": "H&M", "category": "fashion" },
    { "slug": "primark", "name": "Primark", "category": "fashion" },
    { "slug": "mediamarkt", "name": "MediaMarkt", "category": "electronics" },
    { "slug": "fnac", "name": "Fnac", "category": "electronics" },
    { "slug": "pccomponentes", "name": "PcComponentes", "category": "electronics" },
    { "slug": "apple", "name": "Apple", "category": "electronics" },
    { "slug": "ikea", "name": "IKEA", "category": "home" },
    { "slug": "leroy-merlin", "name": "Leroy Merlin", "category": "home" },
    { "slug": "decathlon", "name": "Decathlon", "category": "sports" },
    { "slug": "carrefour", "name": "Carrefour", "category": "hypermarket" }
  ],
  "airlines": [
    { "slug": "ryanair", "name": "Ryanair", "category": "airline" },
    { "slug": "vueling", "name": "Vueling", "category": "airline" },
    { "slug": "iberia", "name": "Iberia", "category": "airline" },
    { "slug": "air-europa", "name": "Air Europa", "category": "airline" },
    { "slug": "easyjet", "name": "easyJet", "category": "airline" },
    { "slug": "air-nostrum", "name": "Air Nostrum", "category": "airline" },
    { "slug": "volotea", "name": "Volotea", "category": "airline" },
    { "slug": "binter", "name": "Binter Canarias", "category": "airline" },
    { "slug": "wizz-air", "name": "Wizz Air", "category": "airline" },
    { "slug": "lufthansa", "name": "Lufthansa", "category": "airline" },
    { "slug": "tap-portugal", "name": "TAP Air Portugal", "category": "airline" }
  ],
  "insurers": [
    { "slug": "mapfre", "name": "MAPFRE", "category": "insurance" },
    { "slug": "allianz", "name": "Allianz", "category": "insurance" },
    { "slug": "axa", "name": "AXA", "category": "insurance" },
    { "slug": "generali", "name": "Generali", "category": "insurance" },
    { "slug": "mutua-madrilena", "name": "Mutua Madrileña", "category": "insurance" },
    { "slug": "santa-lucia", "name": "Santa Lucía", "category": "insurance" },
    { "slug": "sanitas", "name": "Sanitas", "category": "insurance" },
    { "slug": "zurich", "name": "Zurich", "category": "insurance" },
    { "slug": "linea-directa", "name": "Línea Directa", "category": "insurance" },
    { "slug": "adeslas", "name": "SegurCaixa Adeslas", "category": "insurance" },
    { "slug": "dkv", "name": "DKV Seguros", "category": "insurance" },
    { "slug": "caser", "name": "Caser Seguros", "category": "insurance" }
  ],
  "cities": [
    { "slug": "madrid", "name": "Madrid", "category": "city" },
    { "slug": "barcelona", "name": "Barcelona", "category": "city" },
    { "slug": "valencia", "name": "Valencia", "category": "city" },
    { "slug": "sevilla", "name": "Sevilla", "category": "city" },
    { "slug": "zaragoza", "name": "Zaragoza", "category": "city" },
    { "slug": "malaga", "name": "Málaga", "category": "city" },
    { "slug": "murcia", "name": "Murcia", "category": "city" },
    { "slug": "palma", "name": "Palma", "category": "city" },
    { "slug": "las-palmas", "name": "Las Palmas de Gran Canaria", "category": "city" },
    { "slug": "alicante", "name": "Alicante", "category": "city" },
    { "slug": "bilbao", "name": "Bilbao", "category": "city" },
    { "slug": "cordoba", "name": "Córdoba", "category": "city" },
    { "slug": "valladolid", "name": "Valladolid", "category": "city" },
    { "slug": "vigo", "name": "Vigo", "category": "city" },
    { "slug": "gijon", "name": "Gijón", "category": "city" },
    { "slug": "hospitalet", "name": "L'Hospitalet de Llobregat", "category": "city" },
    { "slug": "vitoria", "name": "Vitoria-Gasteiz", "category": "city" },
    { "slug": "coruna", "name": "A Coruña", "category": "city" },
    { "slug": "elche", "name": "Elche", "category": "city" },
    { "slug": "granada", "name": "Granada", "category": "city" },
    { "slug": "terrassa", "name": "Terrassa", "category": "city" },
    { "slug": "badalona", "name": "Badalona", "category": "city" },
    { "slug": "sabadell", "name": "Sabadell", "category": "city" },
    { "slug": "oviedo", "name": "Oviedo", "category": "city" },
    { "slug": "cartagena", "name": "Cartagena", "category": "city" },
    { "slug": "jerez", "name": "Jerez de la Frontera", "category": "city" },
    { "slug": "santa-cruz", "name": "Santa Cruz de Tenerife", "category": "city" },
    { "slug": "pamplona", "name": "Pamplona", "category": "city" },
    { "slug": "almeria", "name": "Almería", "category": "city" },
    { "slug": "san-sebastian", "name": "San Sebastián", "category": "city" },
    { "slug": "burgos", "name": "Burgos", "category": "city" },
    { "slug": "santander", "name": "Santander", "category": "city" },
    { "slug": "castellon", "name": "Castellón de la Plana", "category": "city" },
    { "slug": "albacete", "name": "Albacete", "category": "city" },
    { "slug": "getafe", "name": "Getafe", "category": "city" },
    { "slug": "alcorcon", "name": "Alcorcón", "category": "city" },
    { "slug": "logrono", "name": "Logroño", "category": "city" },
    { "slug": "badajoz", "name": "Badajoz", "category": "city" },
    { "slug": "salamanca", "name": "Salamanca", "category": "city" },
    { "slug": "huelva", "name": "Huelva", "category": "city" },
    { "slug": "lleida", "name": "Lleida", "category": "city" },
    { "slug": "marbella", "name": "Marbella", "category": "city" },
    { "slug": "tarragona", "name": "Tarragona", "category": "city" },
    { "slug": "leon", "name": "León", "category": "city" },
    { "slug": "cadiz", "name": "Cádiz", "category": "city" },
    { "slug": "jaen", "name": "Jaén", "category": "city" },
    { "slug": "ourense", "name": "Ourense", "category": "city" },
    { "slug": "lugo", "name": "Lugo", "category": "city" },
    { "slug": "girona", "name": "Girona", "category": "city" },
    { "slug": "santiago", "name": "Santiago de Compostela", "category": "city" }
  ],
  "gyms": [
    { "slug": "mcfit", "name": "McFIT", "category": "gym" },
    { "slug": "basic-fit", "name": "Basic-Fit", "category": "gym" },
    { "slug": "vivagym", "name": "VivaGym", "category": "gym" },
    { "slug": "altafit", "name": "AltaFit", "category": "gym" },
    { "slug": "metropolitan", "name": "Metropolitan", "category": "gym" },
    { "slug": "anytime-fitness", "name": "Anytime Fitness", "category": "gym" },
    { "slug": "dir", "name": "DiR", "category": "gym" },
    { "slug": "synergym", "name": "Synergym", "category": "gym" },
    { "slug": "dreamfit", "name": "DreamFit", "category": "gym" },
    { "slug": "go-fit", "name": "GO fit", "category": "gym" }
  ],
  "alarms": [
    { "slug": "securitas-direct", "name": "Securitas Direct", "category": "alarm" },
    { "slug": "prosegur", "name": "Prosegur", "category": "alarm" },
    { "slug": "adt", "name": "ADT", "category": "alarm" },
    { "slug": "tyco", "name": "Tyco", "category": "alarm" },
    { "slug": "sector-alarm", "name": "Sector Alarm", "category": "alarm" },
    { "slug": "sicor", "name": "SICOR (El Corte Inglés)", "category": "alarm" }
  ]
}
